{
  "train_metrics": {
    "accuracy": 1.0,
    "precision": 1.0,
    "recall": 1.0,
    "f1_score": 1.0,
    "mcc": 1.0,
    "roc_auc": 1.0,
    "avg_precision": 0.9999999999999999,
    "ef_0.1pct": 16.129,
    "ef_0.2pct": 16.129,
    "ef_0.5pct": 16.129,
    "ef_1pct": 16.129,
    "ef_2pct": 16.129,
    "ef_5pct": 16.129,
    "ef_10pct": 10.0,
    "ef_15pct": 6.6667,
    "ef_20pct": 5.0,
    "bedroc_a20": 1.0,
    "bedroc_a80": 1.0,
    "bedroc_a160": 1.0
  },
  "training_time": 0.08369755744934082,
  "n_train_samples": 1000,
  "hyperparameters": {
    "n_estimators": 100,
    "max_depth": null,
    "max_features": "sqrt",
    "class_weight": "balanced",
    "random_state": 42,
    "n_jobs": -1
  },
  "val_metrics": {
    "accuracy": 0.95,
    "precision": 0.0,
    "recall": 0.0,
    "f1_score": 0.0,
    "mcc": 0.0,
    "roc_auc": 0.43157894736842106,
    "avg_precision": 0.046645932011721486,
    "ef_0.1pct": 0.0,
    "ef_0.2pct": 0.0,
    "ef_0.5pct": 0.0,
    "ef_1pct": 0.0,
    "ef_2pct": 0.0,
    "ef_5pct": 0.0,
    "ef_10pct": 0.0,
    "ef_15pct": 0.0,
    "ef_20pct": 0.0,
    "bedroc_a20": 0.007,
    "bedroc_a80": 0.0,
    "bedroc_a160": 0.0
  },
  "n_val_samples": 200,
  "feature_importance_stats": {
    "mean": 0.0004807692307692308,
    "std": 0.0014749739265892373,
    "max": 0.01761541090899699,
    "min": 0.0
  },
  "test_metrics": {
    "accuracy": 0.952,
    "precision": 0.0,
    "recall": 0.0,
    "f1_score": 0.0,
    "mcc": 0.0,
    "roc_auc": 0.6013217787114846,
    "avg_precision": 0.07242992328063112,
    "ef_0.1pct": 0.0,
    "ef_0.2pct": 0.0,
    "ef_0.5pct": 0.0,
    "ef_1pct": 0.0,
    "ef_2pct": 0.0,
    "ef_5pct": 2.5,
    "ef_10pct": 1.25,
    "ef_15pct": 2.5,
    "ef_20pct": 1.875,
    "bedroc_a20": 0.1368,
    "bedroc_a80": 0.052,
    "bedroc_a160": 0.0142
  },
  "n_test_samples": 500
}