{
  "model_type": "gradient_boosting",
  "feature_type": "combined_morgan_r2_b2048_protein_identifier",
  "similarity_threshold": "0p7",
  "training_history": {
    "train_metrics": {
      "accuracy": 0.716934292062751,
      "precision": 0.1548449168130283,
      "recall": 0.7977439273890563,
      "f1_score": 0.2593492309436529,
      "mcc": 0.26354171391417885,
      "roc_auc": 0.8114208152338716,
      "avg_precision": 0.1948997509259126,
      "ef_0.1pct": 15.5387,
      "ef_0.2pct": 12.2282,
      "ef_0.5pct": 6.9203,
      "ef_1pct": 4.8541,
      "ef_2pct": 3.789,
      "ef_5pct": 3.1296,
      "ef_10pct": 2.8973,
      "ef_15pct": 2.8166,
      "ef_20pct": 2.767,
      "bedroc_a20": 0.2707,
      "bedroc_a80": 0.2685,
      "bedroc_a160": 0.3505
    },
    "training_time": 554.5800716876984,
    "n_train_samples": 1730902,
    "hyperparameters": {
      "n_estimators": 300,
      "learning_rate": 0.05,
      "max_depth": null,
      "max_leaf_nodes": 63,
      "min_samples_leaf": 20,
      "subsample": 0.8,
      "colsample_bytree": 0.8,
      "l2_regularization": 0.1,
      "class_weight": "balanced",
      "random_state": 42,
      "n_jobs": -1,
      "early_stopping_rounds": 30
    },
    "backend": "hist",
    "val_metrics": {
      "accuracy": 0.5841379680291814,
      "precision": 0.08015579702126718,
      "recall": 0.4225384974335044,
      "f1_score": 0.1347495303112037,
      "mcc": 0.010890516792963873,
      "roc_auc": 0.5204760664258066,
      "avg_precision": 0.09089786284061765,
      "ef_0.1pct": 7.3398,
      "ef_0.2pct": 4.3107,
      "ef_0.5pct": 2.7728,
      "ef_1pct": 2.1223,
      "ef_2pct": 1.6558,
      "ef_5pct": 1.4045,
      "ef_10pct": 1.2482,
      "ef_15pct": 1.1658,
      "ef_20pct": 1.1111,
      "bedroc_a20": 0.131,
      "bedroc_a80": 0.1412,
      "bedroc_a160": 0.179
    },
    "n_val_samples": 111852,
    "test_metrics": {
      "accuracy": 0.5572970017441378,
      "precision": 0.045073215985156866,
      "recall": 0.39807882469275324,
      "f1_score": 0.08097759322983643,
      "mcc": -0.015867996581542792,
      "roc_auc": 0.47455967073044686,
      "avg_precision": 0.05718570118557287,
      "ef_0.1pct": 7.698,
      "ef_0.2pct": 5.438,
      "ef_0.5pct": 3.3476,
      "ef_1pct": 2.7049,
      "ef_2pct": 2.094,
      "ef_5pct": 1.3476,
      "ef_10pct": 1.034,
      "ef_15pct": 0.9563,
      "ef_20pct": 0.9334,
      "bedroc_a20": 0.0991,
      "bedroc_a80": 0.1098,
      "bedroc_a160": 0.1426
    },
    "n_test_samples": 288968
  },
  "data_config": {
    "similarity_threshold": "0p7",
    "include_decoys": true,
    "include_protein_features": true,
    "val_split": 0.2,
    "test_split": 0.0
  },
  "use_precomputed_split": false,
  "use_2d_split": true,
  "split_strategy": "2d_protein_cluster_x_ligand_similarity"
}