{
  "model_type": "random_forest",
  "feature_type": "combined_morgan_r2_b2048_protein_identifier",
  "similarity_threshold": "0p7",
  "training_history": {
    "train_metrics": {
      "accuracy": 0.8115150366687427,
      "precision": 0.1755162110597793,
      "recall": 0.5500967153963471,
      "f1_score": 0.26612230207735826,
      "mcc": 0.230989437277846,
      "roc_auc": 0.8288714244162129,
      "avg_precision": 0.21204027533274278,
      "ef_0.1pct": 16.0966,
      "ef_0.2pct": 15.9292,
      "ef_0.5pct": 8.1924,
      "ef_1pct": 5.4446,
      "ef_2pct": 4.0689,
      "ef_5pct": 3.2384,
      "ef_10pct": 2.9603,
      "ef_15pct": 2.8678,
      "ef_20pct": 2.8215,
      "bedroc_a20": 0.2813,
      "bedroc_a80": 0.2953,
      "bedroc_a160": 0.4001
    },
    "training_time": 336.96193051338196,
    "n_train_samples": 1730902,
    "hyperparameters": {
      "n_estimators": 100,
      "max_depth": null,
      "max_features": "sqrt",
      "class_weight": "balanced",
      "random_state": 42,
      "n_jobs": -1
    },
    "val_metrics": {
      "accuracy": 0.9233004327146587,
      "precision": 0.23076923076923078,
      "recall": 0.00034997666822211853,
      "f1_score": 0.0006988934187536401,
      "mcc": 0.006246879148710507,
      "roc_auc": 0.49547850510262914,
      "avg_precision": 0.07760447260358652,
      "ef_0.1pct": 0.8155,
      "ef_0.2pct": 0.8738,
      "ef_0.5pct": 0.932,
      "ef_1pct": 0.8746,
      "ef_2pct": 0.9387,
      "ef_5pct": 1.0895,
      "ef_10pct": 1.0988,
      "ef_15pct": 1.0826,
      "ef_20pct": 1.0674,
      "bedroc_a20": 0.1046,
      "bedroc_a80": 0.0748,
      "bedroc_a160": 0.071
    },
    "n_val_samples": 111852,
    "feature_importance_stats": {
      "mean": 0.0004807692307692308,
      "std": 0.0011951870174577758,
      "max": 0.011118436605986645,
      "min": 3.453237864540319e-05
    },
    "test_metrics": {
      "accuracy": 0.9509703496580937,
      "precision": 0.0,
      "recall": 0.0,
      "f1_score": 0.0,
      "mcc": -0.0013352645731537465,
      "roc_auc": 0.4723855761978923,
      "avg_precision": 0.045755455670428796,
      "ef_0.1pct": 1.13,
      "ef_0.2pct": 1.0594,
      "ef_0.5pct": 1.1159,
      "ef_1pct": 1.0876,
      "ef_2pct": 1.0064,
      "ef_5pct": 0.9125,
      "ef_10pct": 0.9013,
      "ef_15pct": 0.8928,
      "ef_20pct": 0.8734,
      "bedroc_a20": 0.0717,
      "bedroc_a80": 0.05,
      "bedroc_a160": 0.0516
    },
    "n_test_samples": 288968
  },
  "data_config": {
    "similarity_threshold": "0p7",
    "include_decoys": true,
    "include_protein_features": true,
    "use_2d_split": true,
    "task": "classification",
    "protein_cluster_threshold": "qcov_70",
    "min_cluster_size_for_split": 3,
    "protein_split_ratios": [
      0.7,
      0.15,
      0.15
    ]
  },
  "use_precomputed_split": false,
  "use_2d_split": true,
  "split_strategy": "2d_protein_cluster_x_ligand_similarity"
}