{
  "train_metrics": {
    "accuracy": 0.9378751656650695,
    "precision": 0.0,
    "recall": 0.0,
    "f1_score": 0.0,
    "mcc": 0.0,
    "roc_auc": 0.3872222365172476,
    "avg_precision": 0.047651054869138613,
    "ef_0.1pct": 1.2833,
    "ef_0.2pct": 1.2554,
    "ef_0.5pct": 1.0619,
    "ef_1pct": 0.9671,
    "ef_2pct": 0.7797,
    "ef_5pct": 0.5851,
    "ef_10pct": 0.5054,
    "ef_15pct": 0.4999,
    "ef_20pct": 0.5162,
    "bedroc_a20": 0.0502,
    "bedroc_a80": 0.05,
    "bedroc_a160": 0.059
  },
  "training_time": 124.34628105163574,
  "n_train_samples": 1730902,
  "hyperparameters": {
    "kernel": "linear",
    "C": 1.0,
    "gamma": "scale",
    "class_weight": "balanced",
    "random_state": 42,
    "max_iter": 2000
  },
  "val_metrics": {
    "accuracy": 0.9233630154132246,
    "precision": 0.0,
    "recall": 0.0,
    "f1_score": 0.0,
    "mcc": 0.0,
    "roc_auc": 0.4548500645238419,
    "avg_precision": 0.06824964073823839,
    "ef_0.1pct": 0.699,
    "ef_0.2pct": 0.9903,
    "ef_0.5pct": 1.1184,
    "ef_1pct": 1.0845,
    "ef_2pct": 0.9037,
    "ef_5pct": 0.8049,
    "ef_10pct": 0.7641,
    "ef_15pct": 0.7956,
    "ef_20pct": 0.7991,
    "bedroc_a20": 0.0795,
    "bedroc_a80": 0.0716,
    "bedroc_a160": 0.0778
  },
  "n_val_samples": 111852,
  "test_metrics": {
    "accuracy": 0.9510049555660143,
    "precision": 0.0,
    "recall": 0.0,
    "f1_score": 0.0,
    "mcc": 0.0,
    "roc_auc": 0.4821363204470917,
    "avg_precision": 0.047061992286489836,
    "ef_0.1pct": 0.2825,
    "ef_0.2pct": 0.4237,
    "ef_0.5pct": 0.6497,
    "ef_1pct": 0.8122,
    "ef_2pct": 0.9287,
    "ef_5pct": 0.9577,
    "ef_10pct": 0.9789,
    "ef_15pct": 0.9747,
    "ef_20pct": 0.956,
    "bedroc_a20": 0.0751,
    "bedroc_a80": 0.0439,
    "bedroc_a160": 0.0383
  },
  "n_test_samples": 288968
}