{
  "train_metrics": {
    "mse": 1.21366245336159,
    "rmse": 1.1016634937046748,
    "mae": 0.8631781208256767,
    "r2": 0.2554855864645249,
    "pearson": 0.569276144637659,
    "spearman": 0.5607329640498867,
    "ci": 0.6985668969912983
  },
  "training_time": 53.35123372077942,
  "n_train_samples": 84978,
  "hyperparameters": {
    "C": 1.0,
    "epsilon": 0.1,
    "max_iter": 2000,
    "random_state": 42
  },
  "val_metrics": {
    "mse": 2.210573987030639,
    "rmse": 1.4867999149282458,
    "mae": 1.1681793055332033,
    "r2": -0.8065871134374427,
    "pearson": 0.12704055010470963,
    "spearman": 0.1311122054539137,
    "ci": 0.5442249918496761
  },
  "n_val_samples": 13292,
  "test_metrics": {
    "mse": 2.334564760859146,
    "rmse": 1.5279282577592268,
    "mae": 1.2241770746847285,
    "r2": -0.7343272458920171,
    "pearson": 0.172232133961092,
    "spearman": 0.17424664909510637,
    "ci": 0.5588070974607283
  }
}